{
  "xgboost": {
    "mse": 62139401095.08814,
    "rmse": 249277.75892583787,
    "mae": 58713.35797873115,
    "r2": 0.9778117102352977,
    "mape": 2.372467227796863
  }
}