{
  "mse": 911112927031.0981,
  "rmse": 954522.3554380998,
  "mae": 377250.0456919082,
  "r2": 0.6746663585895094
}