{
  "rmse": 915830.0964030673,
  "mae": 426081.1159056972,
  "r2_score": 0.7005070604628589,
  "mse": 838744765477.6516,
  "median_ae": 207622.3915612615,
  "explained_variance": 0.701061685342818,
  "cv_rmse": 915830.0964030673,
  "predictions": [
    1562389.4832687965,
    821887.8096467665,
    1926043.6232428392,
    1784511.3731254472,
    1736087.7777353553,
    2245144.875177962,
    1376036.4017031002,
    2749181.3041676367,
    1108572.623264098,
    1728264.923283561
  ],
  "median_percentage_error": 13.238327276374417,
  "mean_percentage_error": 18.99666149956821,
  "error_distribution": {
    "percentiles": {
      "p10": 2.4565519153984026,
      "p25": 6.091947661098503,
      "p50": 13.238327276374417,
      "p75": 24.29336856949848,
      "p90": 38.76248829983807
    },
    "error_ranges": {
      "<5%": 0.204499856692462,
      "5-10%": 0.19382344511321295,
      "10-15%": 0.15355402694181713,
      "15-20%": 0.12130983089710519,
      ">20%": 0.3268128403554027
    }
  },
  "feature_importance": [
    {
      "feature": "prop_y",
      "importance": 0.5
    },
    {
      "feature": "prop_x",
      "importance": 0.5
    }
  ],
  "comparison": {
    "all_features": {
      "rmse": 915830.0964030673,
      "mae": 426081.1159056972,
      "r2_score": 0.7005070604628589
    },
    "selected_features": {
      "rmse": 915830.0964030673,
      "mae": 426081.1159056972,
      "r2_score": 0.7005070604628589
    }
  },
  "performance": {
    "rmse": 915830.0964030673,
    "mae": 426081.1159056972,
    "r2": 0.7005070604628589
  },
  "parameters": {
    "algorithm": "brute",
    "leaf_size": 30,
    "metric": "precomputed",
    "metric_params": null,
    "n_jobs": -1,
    "n_neighbors": 7,
    "p": 2,
    "weights": "distance"
  }
}