{
  "mse": 927989211712.8481,
  "rmse": 963321.9667965889,
  "mae": 376736.2091499702,
  "r2": 0.6686402964120309
}