{
  "mse": 927562428344.8613,
  "rmse": 963100.4248492788,
  "mae": 376991.3670771448,
  "r2": 0.668792689143032
}