{
  "xgboost": {
    "mse": 220659874315.54797,
    "rmse": 469744.47768499417,
    "mae": 204291.91259359775,
    "r2": 0.9212083614506678,
    "mape": 9.607155187891877
  },
  "lightgbm": {
    "mse": 219075429090.38773,
    "rmse": 468054.9423843185,
    "mae": 206005.37582202087,
    "r2": 0.9217741237392092
  },
  "catboost": {
    "mse": 214336170778.62894,
    "rmse": 462964.54591969453,
    "mae": 202705.62315789657,
    "r2": 0.9234663839611925
  }
}