{
  "xgboost": {
    "mse": 273246669857.1262,
    "rmse": 522730.01621977496,
    "mae": 233425.90549763542,
    "r2": 0.902431047271405
  },
  "linear": {
    "mse": 927562428344.8613,
    "rmse": 963100.4248492788,
    "mae": 376991.3670771448,
    "r2": 0.668792689143032
  },
  "ridge": {
    "mse": 927731885163.9456,
    "rmse": 963188.3954678574,
    "mae": 376854.71429826634,
    "r2": 0.6687321807226387
  },
  "lasso": {
    "mse": 927989211712.8481,
    "rmse": 963321.9667965889,
    "mae": 376736.2091499702,
    "r2": 0.6686402964120309
  },
  "elasticnet": {
    "mse": 911112927031.0981,
    "rmse": 954522.3554380998,
    "mae": 377250.0456919082,
    "r2": 0.6746663585895094
  }
}