{
  "mse": 927731885163.9456,
  "rmse": 963188.3954678574,
  "mae": 376854.71429826634,
  "r2": 0.6687321807226387
}