{
  "rmse": 523267.11324611993,
  "mae": 224910.81524908138,
  "r2_score": 0.902230443078437,
  "mse": 273808471804.9277,
  "median_ae": 113437.44791374868,
  "explained_variance": 0.9022408630815205,
  "cv_rmse": 523267.11324611993,
  "predictions": [
    1770104.2148972657,
    684379.8789398576,
    1863457.1036627197,
    1740407.377131671,
    3113532.8748272797,
    2275130.697292315,
    848264.4193254043,
    2362249.7429191023,
    1404586.0943088506,
    1342247.6686843117
  ],
  "median_percentage_error": 7.219496659327868,
  "mean_percentage_error": 10.561350936199057,
  "error_distribution": {
    "percentiles": {
      "p10": 1.285188336539821,
      "p25": 3.3340392178976277,
      "p50": 7.219496659327868,
      "p75": 12.91014243166163,
      "p90": 20.121156135872077
    },
    "error_ranges": {
      "<5%": 0.3630696474634566,
      "5-10%": 0.27429062768701634,
      "10-15%": 0.1726139294926913,
      "15-20%": 0.088420750931499,
      ">20%": 0.10160504442533677
    }
  },
  "ensemble_info": {
    "models": [
      "xgboost",
      "lightgbm",
      "catboost",
      "randomforest"
    ],
    "ensemble_method": {
      "method": "stacking",
      "meta_learner": "Ridge",
      "meta_learner_params": {
        "alpha": 1.0
      },
      "base_models": [
        "xgboost",
        "lightgbm",
        "catboost",
        "randomforest"
      ],
      "meta_feature_weights": [
        0.20047993039392156,
        0.5219433880262334,
        -0.2722407213450711,
        -0.005335960234773887
      ],
      "meta_learner_path": "model\\stacking_meta_learner.joblib"
    },
    "individual_model_metrics": {
      "xgboost": {
        "rmse": 521644.94784951385,
        "mae": 220137.93742386787,
        "r2": 0.9028356886782609
      },
      "lightgbm": {
        "rmse": 502101.98541125766,
        "mae": 217846.3219882214,
        "r2": 0.9099796612222044
      },
      "catboost": {
        "rmse": 508907.65743008855,
        "mae": 223523.19089484718,
        "r2": 0.9075227861206316
      },
      "randomforest": {
        "rmse": 660262.507373202,
        "mae": 300935.8279378364,
        "r2": 0.8443353357388496
      }
    }
  },
  "performance": {
    "rmse": 523267.11324611993,
    "mae": 224910.81524908138,
    "r2": 0.902230443078437
  }
}