{
  "mse": 273246669857.1262,
  "rmse": 522730.01621977496,
  "mae": 233425.90549763542,
  "r2": 0.902431047271405
}