{
  "xgboost": {
    "rmse": 290135.74723477673,
    "mae": 57809.3208919403,
    "r2": 0.969490849806955
  }
}