{
  "xgboost": {
    "rmse": 516462.74598067085,
    "mae": 223773.0423473775,
    "r2": 0.9047566273603862
  }
}