{
  "xgboost": {
    "mse": 264938665006.6246,
    "rmse": 514721.9297898863,
    "mae": 220155.8017788048,
    "r2": 0.9053976098024374,
    "mape": 10.369744741301364
  }
}