{
  "rmse": 507329.87874901615,
  "mae": 219910.36621793493,
  "r2_score": 0.9080953159007514,
  "mse": 257383605871.49142,
  "median_ae": 113979.8125,
  "explained_variance": 0.9081082495023881,
  "cv_rmse": 507329.87874901615,
  "predictions": [
    2114857.5,
    758822.4375,
    1883768.375,
    1773217.5,
    2920463.25,
    2191440.5,
    987390.0,
    2338726.5,
    1328157.25,
    1403769.75
  ],
  "median_percentage_error": 7.258261431276179,
  "mean_percentage_error": 10.626863063595989,
  "error_distribution": {
    "percentiles": {
      "p10": 1.3217237386269645,
      "p25": 3.3870168898919637,
      "p50": 7.258261431276179,
      "p75": 12.96592333074534,
      "p90": 20.227378955696203
    },
    "error_ranges": {
      "<5%": 0.36070507308684435,
      "5-10%": 0.279378045285182,
      "10-15%": 0.1655202063628547,
      "15-20%": 0.09143020922900545,
      ">20%": 0.1029664660361135
    }
  },
  "ensemble_info": {
    "models": [
      "xgboost",
      "lightgbm",
      "catboost",
      "randomforest"
    ],
    "ensemble_method": {
      "method": "weighted_average",
      "weights": [
        0.25553270852858223,
        0.2592099534152066,
        0.2579393846392288,
        0.22731795341698252
      ]
    },
    "individual_model_metrics": {
      "xgboost": {
        "rmse": 521644.94784951385,
        "mae": 220137.93742386787,
        "r2": 0.9028356886782609
      },
      "lightgbm": {
        "rmse": 502101.98541125766,
        "mae": 217846.3219882214,
        "r2": 0.9099796612222044
      },
      "catboost": {
        "rmse": 508907.65743008855,
        "mae": 223523.19089484718,
        "r2": 0.9075227861206316
      },
      "randomforest": {
        "rmse": 660262.507373202,
        "mae": 300935.8279378364,
        "r2": 0.8443353357388496
      }
    }
  },
  "performance": {
    "rmse": 507329.87874901615,
    "mae": 219910.36621793493,
    "r2": 0.9080953159007514
  }
}