{
  "xgboost": {
    "rmse": 494000.2153018555,
    "mae": 226160.58516946118,
    "r2": 0.9128613069091565
  }
}