{
  "xgboost": {
    "rmse": 524554.9459723332,
    "mae": 246000.2896871521,
    "r2": 0.9002737240459413
  }
}